[
  {
    "id": 1000,
    "firstName": "Puja",
    "lastName": "Gope",
    "email": "Pujarani@gmail.com",
    "phone": "7838239489",
    "address": {
      "houseNumber": "Apt. 557",
      "street": "Patel Nagar",
      "society": "Rawilay Vihar",
      "city": "Gurgaon",
      "country": "India"
    }
  },
  {
    "id": 1002,
    "firstName": "Priya",
    "lastName": "Sinha",
    "email": "priyasinha@gmail.com",
    "phone": "7638239485",
    "address": {
      "houseNumber": "Apt.441",
      "street": "Tarapur",
      "society": "Palam Vihar",
      "city": "Munger",
      "country": "India"
    }
  },
  {
    "id": 1003,
    "firstName": "Shubham",
    "lastName": "Sinha",
    "email": "shubamsinha@gmail.com",
    "phone": "9838239467",
    "address": {
      "houseNumber": "Apt.120",
      "street": "Kulas Light",
      "society": "Udyog Vihar",
      "city": "Patna",
      "country": "India"
    }
  },
  {
    "id": 1004,
    "firstName": "Preeti",
    "lastName": "Sinha",
    "email": "preeti12@gmail.com",
    "phone": "9438239485",
    "address": {
      "houseNumber": "Apt.340",
      "street": "MohanGanj",
      "society": "Mohan Vihar",
      "city": "Patna",
      "country": "India"
    }
  },
  {
    "id": 1005,
    "firstName": "Rahul",
    "lastName": "singh",
    "email": "rahulsingh@gmail.com",
    "phone": "0838239485",
    "address": {
      "houseNumber": "Apt.989",
      "street": "kali Mandir",
      "society": "Nirman Vihar",
      "city": "Delhi",
      "country": "India"
    }
  },
  {
    "id": 1006,
    "firstName": "Ravi",
    "lastName": "singh",
    "email": "ravisingh@gmail.com",
    "phone": "9538239485",
    "address": {
      "houseNumber": "Apt.390",
      "street": "Ashok Nagar",
      "society": "Ashok Vihar",
      "city": "Delhi",
      "country": "India"
    }
  },
  {
    "id": 1007,
    "firstName": "Pankaj",
    "lastName": "Mishra",
    "email": "pankajmishra@gmail.com",
    "phone": "08938239485",
    "address": {
      "houseNumber": "Apt.189",
      "street": "sai Nagar",
      "society": "Sarada Vihar",
      "city": "Gurgaon",
      "country": "India"
    }
  },
  {
    "id": 1008,
    "firstName": "Rekha",
    "lastName": "singh",
    "email": "rekhasingh@gmail.com",
    "phone": "9038239485",
    "address": {
      "houseNumber": "Apt.760",
      "street": "Police Line",
      "society": "Patel Nagar",
      "city": "Gurgaon",
      "country": "India"
    }
  },
  {
    "id": 1009,
    "firstName": "Monika",
    "lastName": "yadav",
    "email": "monikayadav@gmail.com",
    "phone": "9638239485",
    "address": {
      "houseNumber": "Apt.459",
      "street": "Durga Mandir",
      "society": "Durga Vihar",
      "city": "Bhagalpur",
      "country": "India"
    }
  },
  {
    "id": 1010,
    "firstName": "Shona",
    "lastName": "Bhagat",
    "email": "shonabhagat@gmail.com",
    "phone": "9638239485",
    "address": {
      "houseNumber": "Apt.345",
      "street": "Mohanganj Vihar",
      "society": "Mohana Vihar",
      "city": "Ranchi",
      "country": "India"
    }
  }
]
