[
  {
    "orderId": 5001,
    "customerId": 1006,
    "orderDate": "27/9/2019",
    "payStatus": "paid",
    "fulfillStatus": true,
    "products": [
      {
        "productName": "Fortune",
        "orderPrice": 51
      },
      {
        "productName": "Buttermilk",
        "orderPrice": 114
      },
      {
        "productName": "Walnuts",
        "orderPrice": 128
      }
    ]
  },
  {
    "orderId": 5002,
    "customerId": 1016,
    "orderDate": "27/9/2019",
    "payStatus": "unpaid",
    "fulfillStatus": false,
    "products": [
      {
        "productName": "Maggie",
        "orderPrice": 12
      },
      {
        "productName": "Buttermilk",
        "orderPrice": 171
      },
      {
        "productName": "Walnuts",
        "orderPrice": 121
      }
    ]
  },
  {
    "orderId": 5003,
    "customerId": 1009,
    "orderDate": "27/9/2019",
    "payStatus": "paid",
    "fulfillStatus": false,
    "products": [
      {
        "productName": "Maggie",
        "orderPrice": 90
      },
      {
        "productName": "Buttermilk",
        "orderPrice": 114
      },
      {
        "productName": "Coffee",
        "orderPrice": 123
      }
    ]
  },
  {
    "orderId": 5004,
    "customerId": 1008,
    "orderDate": "27/9/2019",
    "payStatus": "paid",
    "fulfillStatus": false,
    "products": [
      {
        "productName": "Maggie",
        "orderPrice": 12
      },
      {
        "productName": "Buttermilk",
        "orderPrice": 171
      },
      {
        "productName": "Coffee",
        "orderPrice": 80
      }
    ]
  },
  {
    "orderId": 5005,
    "customerId": 1007,
    "orderDate": "27/9/2019",
    "payStatus": "unpaid",
    "fulfillStatus": false,
    "products": [
      {
        "productName": "Maggie",
        "orderPrice": 14
      },
      {
        "productName": "Buttermilk",
        "orderPrice": 114
      },
      {
        "productName": "Coffee",
        "orderPrice": 89
      }
    ]
  },
  {
    "orderId": 5006,
    "customerId": 1006,
    "orderDate": "27/9/2019",
    "payStatus": "paid",
    "fulfillStatus": false,
    "products": [
      {
        "productName": "Maggie",
        "orderPrice": 18
      },
      {
        "productName": "Camel milk",
        "orderPrice": 114
      },
      {
        "productName": "Coffee",
        "orderPrice": 88
      }
    ]
  },
  {
    "orderId": 5007,
    "customerId": 1005,
    "orderDate": "28/9/2019",
    "payStatus": "unpaid",
    "fulfillStatus": false,
    "products": [
      {
        "productName": "biscuit",
        "orderPrice": 81
      },
      {
        "productName": "Camel milk",
        "orderPrice": 114
      },
      {
        "productName": "Coffee",
        "orderPrice": 98
      }
    ]
  },
  {
    "orderId": 5008,
    "customerId": 1004,
    "orderDate": "28/9/2019",
    "payStatus": "paid",
    "fulfillStatus": false,
    "products": [
      {
        "productName": "biscuit",
        "orderPrice": 290
      },
      {
        "productName": "Camel milk",
        "orderPrice": 114
      },
      {
        "productName": "Coffee",
        "orderPrice": 121
      }
    ]
  },
  {
    "orderId": 5009,
    "customerId": 1005,
    "orderDate": "28/9/2019",
    "payStatus": "paid",
    "fulfillStatus": false,
    "products": [
      {
        "productName": "biscuit",
        "orderPrice": 7896
      },
      {
        "productName": "Camel milk",
        "orderPrice": 111
      },
      {
        "productName": "Coffee",
        "orderPrice": 174
      }
    ]
  },
  {
    "orderId": 5010,
    "customerId": 1003,
    "orderDate": "28/9/2019",
    "payStatus": "paid",
    "fulfillStatus": false,
    "products": [
      {
        "productName": "biscuit",
        "orderPrice": 79
      },
      {
        "productName": "Camel milk",
        "orderPrice": 111
      },
      {
        "productName": "Avocados",
        "orderPrice": 160
      }
    ]
  },
  {
    "orderId": 5011,
    "customerId": 1002,
    "orderDate": "28/9/2019",
    "payStatus": "paid",
    "fulfillStatus": false,
    "products": [
      {
        "productName": "Clarified butter",
        "orderPrice": 86
      },
      {
        "productName": "Condensed milk",
        "orderPrice": 111
      },
      {
        "productName": "Avocados",
        "orderPrice": 250
      }
    ]
  },
  {
    "orderId": 5012,
    "customerId": 1023,
    "orderDate": "28/9/2019",
    "payStatus": "paid",
    "fulfillStatus": true,
    "products": [
      {
        "productName": "Clarified butter",
        "orderPrice": 214
      },
      {
        "productName": "Condensed milk",
        "orderPrice": 122
      },
      {
        "productName": "Avocados",
        "orderPrice": 240
      }
    ]
  },
  {
    "orderId": 5013,
    "customerId": 1024,
    "orderDate": "29/9/2019",
    "payStatus": "paid",
    "fulfillStatus": true,
    "products": [
      {
        "productName": "Clarified butter",
        "orderPrice": 654
      },
      {
        "productName": "Condensed milk",
        "orderPrice": 124
      },
      {
        "productName": "Avocados",
        "orderPrice": 270
      }
    ]
  },
  {
    "orderId": 5014,
    "customerId": 1002,
    "orderDate": "29/9/2019",
    "payStatus": "paid",
    "fulfillStatus": true,
    "products": [
      {
        "productName": "Clarified butter",
        "orderPrice": 87
      },
      {
        "productName": "Condensed milk",
        "orderPrice": 125
      },
      {
        "productName": "Avocados",
        "orderPrice": 901
      }
    ]
  },
  {
    "orderId": 5015,
    "customerId": 1001,
    "orderDate": "29/9/2019",
    "payStatus": "unpaid",
    "fulfillStatus": true,
    "products": [
      {
        "productName": "Clarified butter",
        "orderPrice": 81
      },
      {
        "productName": "Condensed milk",
        "orderPrice": 114
      },
      {
        "productName": "Cauliflower",
        "orderPrice": 675
      }
    ]
  },
  {
    "orderId": 5016,
    "customerId": 1001,
    "orderDate": "29/9/2019",
    "payStatus": "unpaid",
    "fulfillStatus": false,
    "products": [
      {
        "productName": "Clarified butter",
        "orderPrice": 104
      },
      {
        "productName": "Condensed milk",
        "orderPrice": 171
      },
      {
        "productName": "Chocolate",
        "orderPrice": 675
      }
    ]
  },
  {
    "orderId": 5017,
    "customerId": 1002,
    "orderDate": "29/9/2019",
    "payStatus": "unpaid",
    "fulfillStatus": false,
    "products": [
      {
        "productName": "Butter",
        "orderPrice": 105
      },
      {
        "productName": "Condensed milk",
        "orderPrice": 56
      },
      {
        "productName": "Chocolate",
        "orderPrice": 675
      }
    ]
  },
  {
    "orderId": 5018,
    "customerId": 1002,
    "orderDate": "29/9/2019",
    "payStatus": "unpaid",
    "fulfillStatus": false,
    "products": [
      {
        "productName": "Butter",
        "orderPrice": 107
      },
      {
        "productName": "Condensed milk",
        "orderPrice": 59
      },
      {
        "productName": "Oranges",
        "orderPrice": 675
      }
    ]
  },
  {
    "orderId": 5019,
    "customerId": 1003,
    "orderDate": "30/9/2019",
    "payStatus": "unpaid",
    "fulfillStatus": false,
    "products": [
      {
        "productName": "Butter",
        "orderPrice": 111
      },
      {
        "productName": "Condensed milk",
        "orderPrice": 987
      },
      {
        "productName": "Oranges",
        "orderPrice": 675
      }
    ]
  },
  {
    "orderId": 5020,
    "customerId": 1009,
    "orderDate": "30/9/2019",
    "payStatus": "paid",
    "fulfillStatus": true,
    "products": [
      {
        "productName": "Butter",
        "orderPrice": 142
      },
      {
        "productName": "Condensed milk",
        "orderPrice": 123
      },
      {
        "productName": "Black Beans",
        "orderPrice": 675
      }
    ]
  },
  {
    "orderId": 5021,
    "customerId": 1016,
    "orderDate": "30/9/2019",
    "payStatus": "paid",
    "fulfillStatus": true,
    "products": [
      {
        "productName": "Butter",
        "orderPrice": 190
      },
      {
        "productName": "Condensed milk",
        "orderPrice": 123
      },
      {
        "productName": "Black Beans",
        "orderPrice": 675
      }
    ]
  },
  {
    "orderId": 5022,
    "customerId": 1011,
    "orderDate": "30/9/2019",
    "payStatus": "paid",
    "fulfillStatus": true,
    "products": [
      {
        "productName": "Butter",
        "orderPrice": 289
      },
      {
        "productName": "Condensed milk",
        "orderPrice": 121
      },
      {
        "productName": "Black Beans",
        "orderPrice": 675
      }
    ]
  },
  {
    "orderId": 5023,
    "customerId": 1012,
    "orderDate": "30/9/2019",
    "payStatus": "paid",
    "fulfillStatus": true,
    "products": [
      {
        "productName": "Butter",
        "orderPrice": 191
      },
      {
        "productName": "Condensed milk",
        "orderPrice": 145
      },
      {
        "productName": "Black Beans",
        "orderPrice": 675
      }
    ]
  },
  {
    "orderId": 5024,
    "customerId": 1020,
    "orderDate": "30/9/2019",
    "payStatus": "unpaid",
    "fulfillStatus": true,
    "products": [
      {
        "productName": "Butter",
        "orderPrice": 234
      },
      {
        "productName": "Condensed milk",
        "orderPrice": 145
      },
      {
        "productName": "Black Beans",
        "orderPrice": 675
      }
    ]
  },
  {
    "orderId": 5025,
    "customerId": 1021,
    "orderDate": "01/10/2019",
    "payStatus": "Pending",
    "fulfillStatus": true,
    "products": [
      {
        "productName": "Butter",
        "orderPrice": 234
      },
      {
        "productName": "Condensed milk",
        "orderPrice": 135
      },
      {
        "productName": "Black Beans",
        "orderPrice": 675
      }
    ]
  },
  {
    "orderId": 5026,
    "customerId": 1022,
    "orderDate": "01/10/2019",
    "payStatus": "Pending",
    "fulfillStatus": true,
    "products": [
      {
        "productName": "Butter",
        "orderPrice": 234
      },
      {
        "productName": "Condensed milk",
        "orderPrice": 135
      },
      {
        "productName": "rice",
        "orderPrice": 675
      }
    ]
  },
  {
    "orderId": 5027,
    "customerId": 1023,
    "orderDate": "01/10/2019",
    "payStatus": "Pending",
    "fulfillStatus": true,
    "products": [
      {
        "productName": "Butter",
        "orderPrice": 422
      },
      {
        "productName": "Condensed milk",
        "orderPrice": 987
      },
      {
        "productName": "Shrimp",
        "orderPrice": 745
      }
    ]
  },
  {
    "orderId": 5028,
    "customerId": 1024,
    "orderDate": "02/10/2019",
    "payStatus": "Pending",
    "fulfillStatus": true,
    "products": [
      {
        "productName": "Butter",
        "orderPrice": 422
      },
      {
        "productName": "Condensed milk",
        "orderPrice": 987
      },
      {
        "productName": "Shrimp",
        "orderPrice": 745
      }
    ]
  },
  {
    "orderId": 5029,
    "customerId": 1019,
    "orderDate": "02/10/2019",
    "payStatus": "Pending",
    "fulfillStatus": false,
    "products": [
      {
        "productName": "Butter",
        "orderPrice": 422
      },
      {
        "productName": "Condensed milk",
        "orderPrice": 128
      },
      {
        "productName": "Shrimp",
        "orderPrice": 745
      }
    ]
  },
  {
    "orderId": 5030,
    "customerId": 1018,
    "orderDate": "02/10/2019",
    "payStatus": "Pending",
    "fulfillStatus": false,
    "products": [
      {
        "productName": "Butter",
        "orderPrice": 422
      },
      {
        "productName": "Condensed milk",
        "orderPrice": 128
      },
      {
        "productName": "Shrimp",
        "orderPrice": 89
      }
    ]
  },
  {
    "orderId": 5031,
    "customerId": 1017,
    "orderDate": "02/10/2019",
    "payStatus": "Pending",
    "fulfillStatus": false,
    "products": [
      {
        "productName": "Butter",
        "orderPrice": 422
      },
      {
        "productName": "Condensed milk",
        "orderPrice": 89
      },
      {
        "productName": "Walnuts",
        "orderPrice": 743
      }
    ]
  },
  {
    "orderId": 5032,
    "customerId": 1015,
    "orderDate": "03/10/2019",
    "payStatus": "paid",
    "fulfillStatus": false,
    "products": [
      {
        "productName": "Soy Sauce",
        "orderPrice": 422
      },
      {
        "productName": "Condensed milk",
        "orderPrice": 89
      },
      {
        "productName": "Walnuts",
        "orderPrice": 109
      }
    ]
  },
  {
    "orderId": 5033,
    "customerId": 1014,
    "orderDate": "03/10/2019",
    "payStatus": "paid",
    "fulfillStatus": false,
    "products": [
      {
        "productName": "Soy Sauce",
        "orderPrice": 422
      },
      {
        "productName": "Condensed milk",
        "orderPrice": 75
      },
      {
        "productName": "Walnuts",
        "orderPrice": 109
      }
    ]
  },
  {
    "orderId": 5034,
    "customerId": 1010,
    "orderDate": "03/10/2019",
    "payStatus": "paid",
    "fulfillStatus": false,
    "products": [
      {
        "productName": "Soy Sauce",
        "orderPrice": 422
      },
      {
        "productName": "Condensed milk",
        "orderPrice": 75
      },
      {
        "productName": "Walnuts",
        "orderPrice": 119
      }
    ]
  },
  {
    "orderId": 5035,
    "customerId": 1004,
    "orderDate": "04/10/2019",
    "payStatus": "unpaid",
    "fulfillStatus": false,
    "products": [
      {
        "productName": "Tomato Sauce",
        "orderPrice": 658
      },
      {
        "productName": "Condensed milk",
        "orderPrice": 75
      },
      {
        "productName": "Beets",
        "orderPrice": 116
      }
    ]
  },
  {
    "orderId": 5036,
    "customerId": 1004,
    "orderDate": "04/10/2019",
    "payStatus": "Pending",
    "fulfillStatus": false,
    "products": [
      {
        "productName": "Tomato Sauce",
        "orderPrice": 658
      },
      {
        "productName": "Condensed milk",
        "orderPrice": 75
      },
      {
        "productName": "Beets",
        "orderPrice": 112
      }
    ]
  },
  {
    "orderId": 5037,
    "customerId": 1011,
    "orderDate": "04/10/2019",
    "payStatus": "Pending",
    "fulfillStatus": false,
    "products": [
      {
        "productName": "Green Sauce",
        "orderPrice": 658
      },
      {
        "productName": "Condensed milk",
        "orderPrice": 75
      },
      {
        "productName": "Beets",
        "orderPrice": 112
      }
    ]
  },
  {
    "orderId": 5038,
    "customerId": 1012,
    "orderDate": "05/10/2019",
    "payStatus": "Pending",
    "fulfillStatus": false,
    "products": [
      {
        "productName": "Green Sauce",
        "orderPrice": 658
      },
      {
        "productName": "Cream cheese",
        "orderPrice": 13
      },
      {
        "productName": "Walnuts",
        "orderPrice": 124
      }
    ]
  },
  {
    "orderId": 5039,
    "customerId": 1013,
    "orderDate": "05/10/2019",
    "payStatus": "paid",
    "fulfillStatus": false,
    "products": [
      {
        "productName": "Black Salt",
        "orderPrice": 77
      },
      {
        "productName": "Cream cheese",
        "orderPrice": 13
      },
      {
        "productName": "Walnuts",
        "orderPrice": 124
      }
    ]
  },
  {
    "orderId": 5040,
    "customerId": 1016,
    "orderDate": "05/10/2019",
    "payStatus": "paid",
    "fulfillStatus": true,
    "products": [
      {
        "productName": "Black Salt",
        "orderPrice": 11
      },
      {
        "productName": "Cream cheese",
        "orderPrice": 431
      },
      {
        "productName": "Walnuts",
        "orderPrice": 121
      }
    ]
  },
  {
    "orderId": 5041,
    "customerId": 1014,
    "orderDate": "05/10/2019",
    "payStatus": "paid",
    "fulfillStatus": true,
    "products": [
      {
        "productName": "Peanut Butter",
        "orderPrice": 2
      },
      {
        "productName": "Basundi",
        "orderPrice": 431
      },
      {
        "productName": "Coffee",
        "orderPrice": 123
      }
    ]
  },
  {
    "orderId": 5042,
    "customerId": 1020,
    "orderDate": "05/10/2019",
    "payStatus": "paid",
    "fulfillStatus": true,
    "products": [
      {
        "productName": "Peanut Butter",
        "orderPrice": 14
      },
      {
        "productName": "Basundi",
        "orderPrice": 431
      },
      {
        "productName": "Coffee",
        "orderPrice": 127
      }
    ]
  },
  {
    "orderId": 5043,
    "customerId": 1021,
    "orderDate": "06/10/2019",
    "payStatus": "paid",
    "fulfillStatus": true,
    "products": [
      {
        "productName": "Peanut Butter",
        "orderPrice": 13
      },
      {
        "productName": "Basundi",
        "orderPrice": 754
      },
      {
        "productName": "Coffee",
        "orderPrice": 124
      }
    ]
  },
  {
    "orderId": 5044,
    "customerId": 1023,
    "orderDate": "06/10/2019",
    "payStatus": "paid",
    "fulfillStatus": true,
    "products": [
      {
        "productName": "Peanut Butter",
        "orderPrice": 21
      },
      {
        "productName": "Basundi",
        "orderPrice": 754
      },
      {
        "productName": "Coffee",
        "orderPrice": 59
      }
    ]
  },
  {
    "orderId": 5045,
    "customerId": 1001,
    "orderDate": "06/10/2019",
    "payStatus": "unpaid",
    "fulfillStatus": true,
    "products": [
      {
        "productName": "Curd",
        "orderPrice": 25
      },
      {
        "productName": "Basundi",
        "orderPrice": 754
      },
      {
        "productName": "Coffee",
        "orderPrice": 146
      }
    ]
  },
  {
    "orderId": 5046,
    "customerId": 1002,
    "orderDate": "06/10/2019",
    "payStatus": "unpaid",
    "fulfillStatus": true,
    "products": [
      {
        "productName": "Curd",
        "orderPrice": 29
      },
      {
        "productName": "Basundi",
        "orderPrice": 12
      },
      {
        "productName": "Avocados",
        "orderPrice": 198
      }
    ]
  },
  {
    "orderId": 5047,
    "customerId": 1009,
    "orderDate": "06/10/2019",
    "payStatus": "unpaid",
    "fulfillStatus": true,
    "products": [
      {
        "productName": "Cheese",
        "orderPrice": 30
      },
      {
        "productName": "Basundi",
        "orderPrice": 112
      },
      {
        "productName": "Avocados",
        "orderPrice": 198
      }
    ]
  },
  {
    "orderId": 5048,
    "customerId": 1019,
    "orderDate": "07/10/2019",
    "payStatus": "unpaid",
    "fulfillStatus": true,
    "products": [
      {
        "productName": "Cheese",
        "orderPrice": 35
      },
      {
        "productName": "Basundi",
        "orderPrice": 113
      },
      {
        "productName": "Avocados",
        "orderPrice": 768
      }
    ]
  },
  {
    "orderId": 5049,
    "customerId": 1020,
    "orderDate": "07/10/2019",
    "payStatus": "Pending",
    "fulfillStatus": false,
    "products": [
      {
        "productName": "Fortune",
        "orderPrice": 50
      },
      {
        "productName": "Black Kashk",
        "orderPrice": 114
      },
      {
        "productName": "rice",
        "orderPrice": 768
      }
    ]
  },
  {
    "orderId": 5050,
    "customerId": 1021,
    "orderDate": "07/10/2019",
    "payStatus": "Pending",
    "fulfillStatus": false,
    "products": [
      {
        "productName": "Fortune",
        "orderPrice": 60
      },
      {
        "productName": "Black Kashk",
        "orderPrice": 115
      },
      {
        "productName": "Oranges",
        "orderPrice": 768
      }
    ]
  },
  {
    "orderId": 5051,
    "customerId": 1015,
    "orderDate": "07/10/2019",
    "payStatus": "Pending",
    "fulfillStatus": false,
    "products": [
      {
        "productName": "Meat",
        "orderPrice": 611
      },
      {
        "productName": "Booza",
        "orderPrice": 116
      },
      {
        "productName": "Oranges",
        "orderPrice": 178
      }
    ]
  },
  {
    "orderId": 5052,
    "customerId": 1014,
    "orderDate": "07/10/2019",
    "payStatus": "Pending",
    "fulfillStatus": false,
    "products": [
      {
        "productName": "Meat",
        "orderPrice": 687
      },
      {
        "productName": "Booza",
        "orderPrice": 117
      },
      {
        "productName": "Oranges",
        "orderPrice": 178
      }
    ]
  },
  {
    "orderId": 5053,
    "customerId": 1011,
    "orderDate": "08/10/2019",
    "payStatus": "Pending",
    "fulfillStatus": false,
    "products": [
      {
        "productName": "Meat",
        "orderPrice": 901
      },
      {
        "productName": "ButterCream cheese",
        "orderPrice": 117
      },
      {
        "productName": "Oranges",
        "orderPrice": 178
      }
    ]
  },
  {
    "orderId": 5054,
    "customerId": 1009,
    "orderDate": "08/10/2019",
    "payStatus": "Pending",
    "fulfillStatus": false,
    "products": [
      {
        "productName": "Meat",
        "orderPrice": 917
      },
      {
        "productName": "ButterCream cheese",
        "orderPrice": 117
      },
      {
        "productName": "Oranges",
        "orderPrice": 165
      }
    ]
  },
  {
    "orderId": 5055,
    "customerId": 1007,
    "orderDate": "08/10/2019",
    "payStatus": "Pending",
    "fulfillStatus": false,
    "products": [
      {
        "productName": "Curd",
        "orderPrice": 917
      },
      {
        "productName": "ButterCream cheese",
        "orderPrice": 119
      },
      {
        "productName": "Oranges",
        "orderPrice": 165
      }
    ]
  },
  {
    "orderId": 5056,
    "customerId": 1006,
    "orderDate": "08/10/2019",
    "payStatus": "paid",
    "fulfillStatus": true,
    "products": [
      {
        "productName": "Curd",
        "orderPrice": 181
      },
      {
        "productName": "ButterCream cheese",
        "orderPrice": 119
      },
      {
        "productName": "Oranges",
        "orderPrice": 165
      }
    ]
  },
  {
    "orderId": 50119,
    "customerId": 1005,
    "orderDate": "08/10/2019",
    "payStatus": "paid",
    "fulfillStatus": true,
    "products": [
      {
        "productName": "Curd",
        "orderPrice": 209
      },
      {
        "productName": "ButterCream cheese",
        "orderPrice": 119
      },
      {
        "productName": "Oranges",
        "orderPrice": 270
      }
    ]
  },
  {
    "orderId": 5058,
    "customerId": 1002,
    "orderDate": "09/10/2019",
    "payStatus": "paid",
    "fulfillStatus": true,
    "products": [
      {
        "productName": "Brown rice",
        "orderPrice": 981
      },
      {
        "productName": "Buttermilk",
        "orderPrice": 119
      },
      {
        "productName": "Oranges",
        "orderPrice": 270
      }
    ]
  },
  {
    "orderId": 5059,
    "customerId": 1011,
    "orderDate": "09/10/2019",
    "payStatus": "paid",
    "fulfillStatus": true,
    "products": [
      {
        "productName": "Brown rice",
        "orderPrice": 121
      },
      {
        "productName": "Buttermilk",
        "orderPrice": 119
      },
      {
        "productName": "Oranges",
        "orderPrice": 270
      }
    ]
  },
  {
    "orderId": 5060,
    "customerId": 1008,
    "orderDate": "09/10/2019",
    "payStatus": "paid",
    "fulfillStatus": true,
    "products": [
      {
        "productName": "Brown rice",
        "orderPrice": 121
      },
      {
        "productName": "Buttermilk",
        "orderPrice": 113
      },
      {
        "productName": "Oranges",
        "orderPrice": 290
      }
    ]
  },
  {
    "orderId": 5061,
    "customerId": 1020,
    "orderDate": "09/10/2019",
    "payStatus": "unpaid",
    "fulfillStatus": false,
    "products": [
      {
        "productName": "Oranges",
        "orderPrice": 271
      },
      {
        "productName": "Buttermilk",
        "orderPrice": 111
      },
      {
        "productName": "Oranges",
        "orderPrice": 290
      }
    ]
  },
  {
    "orderId": 5062,
    "customerId": 1021,
    "orderDate": "09/10/2019",
    "payStatus": "unpaid",
    "fulfillStatus": false,
    "products": [
      {
        "productName": "Brown rice",
        "orderPrice": 171
      },
      {
        "productName": "Buttermilk",
        "orderPrice": 115
      },
      {
        "productName": "Oranges",
        "orderPrice": 290
      }
    ]
  },
  {
    "orderId": 5063,
    "customerId": 1019,
    "orderDate": "10/10/2019",
    "payStatus": "unpaid",
    "fulfillStatus": false,
    "products": [
      {
        "productName": "Brown rice",
        "orderPrice": 211
      },
      {
        "productName": "Buttermilk",
        "orderPrice": 116
      },
      {
        "productName": "Chocolate",
        "orderPrice": 812
      }
    ]
  },
  {
    "orderId": 5064,
    "customerId": 1008,
    "orderDate": "10/10/2019",
    "payStatus": "unpaid",
    "fulfillStatus": false,
    "products": [
      {
        "productName": "Brown rice",
        "orderPrice": 91
      },
      {
        "productName": "Buttermilk",
        "orderPrice": 114
      },
      {
        "productName": "Chocolate",
        "orderPrice": 812
      }
    ]
  }
]
